Enhancer_chr1_20937448_20939448	PINK1
Enhancer_chr1_20937948_20939948	PINK1
Enhancer_chr1_20938448_20940448	PINK1
Enhancer_chr1_20940448_20942448	PINK1
Enhancer_chr1_20940948_20942948	PINK1
Enhancer_chr1_20941448_20943448	PINK1
Enhancer_chr1_20957448_20959448	PINK1
Enhancer_chr1_20957948_20959948	PINK1
Enhancer_chr1_20958448_20960448	PINK1
Enhancer_chr1_20958948_20960948	PINK1
Enhancer_chr1_20959448_20961448	PINK1
Enhancer_chr1_20959948_20961948	PINK1
Enhancer_chr1_20960448_20962448	PINK1
Enhancer_chr1_20960948_20962948	PINK1
Enhancer_chr1_20961448_20963448	PINK1
Enhancer_chr1_20984448_20986448	PINK1
Enhancer_chr1_20984948_20986948	PINK1
Enhancer_chr1_20985448_20987448	PINK1
Enhancer_chr1_20985948_20987948	PINK1
Enhancer_chr1_20986448_20988448	PINK1
Enhancer_chr1_20986948_20988948	PINK1
Enhancer_chr1_20987448_20989448	PINK1
Enhancer_chr1_20987948_20989948	PINK1
Enhancer_chr1_20988448_20990448	PINK1
Enhancer_chr1_20988948_20990948	PINK1
Enhancer_chr1_89146827_89148827	PKN2
Enhancer_chr1_89147327_89149327	PKN2
Enhancer_chr1_89147827_89149827	PKN2
Enhancer_chr1_89148327_89150327	PKN2
Enhancer_chr1_89148827_89150827	PKN2
Enhancer_chr1_89149327_89151327	PKN2
Enhancer_chr1_89149827_89151827	PKN2
Enhancer_chr1_89150327_89152327	PKN2
Enhancer_chr1_89150827_89152827	PKN2
Enhancer_chr1_89151327_89153327	PKN2
Enhancer_chr10_118499085_118501085	HSP12A2A
Enhancer_chr10_118499585_118501585	HSP12A2A
Enhancer_chr10_118500085_118502085	HSP12A2A
Enhancer_chr10_118500585_118502585	HSP12A2A
Enhancer_chr10_118501085_118503085	HSP12A2A
Enhancer_chr10_118501585_118503585	HSP12A2A
Enhancer_chr10_118502085_118504085	HSP12A2A
Enhancer_chr10_118502585_118504585	HSP12A2A
Enhancer_chr10_118503085_118505085	HSP12A2A
Enhancer_chr10_14877159_14879159	HSPA14
Enhancer_chr10_14877659_14879659	HSPA14
Enhancer_chr10_14878159_14880159	HSPA14
Enhancer_chr10_14878659_14880659	HSPA14
Enhancer_chr10_14879159_14881159	HSPA14
Enhancer_chr10_14879659_14881659	HSPA14
Enhancer_chr10_14880159_14882159	HSPA14
Enhancer_chr10_14880659_14882659	HSPA14
Enhancer_chr10_14881159_14883159	HSPA14
Enhancer_chr10_14881659_14883659	HSPA14
Enhancer_chr10_14917159_14919159	HSPA14
Enhancer_chr10_14917659_14919659	HSPA14
Enhancer_chr10_14918159_14920159	HSPA14
Enhancer_chr10_14918659_14920659	HSPA14
Enhancer_chr10_14919159_14921159	HSPA14
Enhancer_chr10_14919659_14921659	HSPA14
Enhancer_chr10_14920159_14922159	HSPA14
Enhancer_chr10_14920659_14922659	HSPA14
Enhancer_chr10_14921159_14923159	HSPA14
Enhancer_chr10_14921659_14923659	HSPA14
Enhancer_chr10_14922159_14924159	HSPA14
Enhancer_chr10_14922659_14924659	HSPA14
Enhancer_chr11_122926543_122928543	HSPA8
Enhancer_chr11_122927043_122929043	HSPA8
Enhancer_chr11_122927543_122929543	HSPA8
Enhancer_chr11_122928043_122930043	HSPA8
Enhancer_chr11_122928543_122930543	HSPA8
Enhancer_chr11_122929043_122931043	HSPA8
Enhancer_chr11_122929543_122931543	HSPA8
Enhancer_chr11_122930043_122932043	HSPA8
Enhancer_chr11_122930543_122932543	HSPA8
Enhancer_chr11_122931043_122933043	HSPA8
Enhancer_chr11_122931543_122933543	HSPA8
Enhancer_chr11_122932043_122934043	HSPA8
Enhancer_chr11_122932543_122934543	HSPA8
Enhancer_chr11_122933043_122935043	HSPA8
Enhancer_chr11_122933543_122935543	HSPA8
Enhancer_chr11_122934043_122936043	HSPA8
Enhancer_chr11_122934543_122936543	HSPA8
Enhancer_chr11_122935043_122937043	HSPA8
Enhancer_chr11_122943043_122945043	HSPA8
Enhancer_chr12_104321112_104323112	HSP90B1
Enhancer_chr12_104321612_104323612	HSP90B1
Enhancer_chr12_104322112_104324112	HSP90B1
Enhancer_chr12_104322612_104324612	HSP90B1
Enhancer_chr12_104323112_104325112	HSP90B1
Enhancer_chr12_104323612_104325612	HSP90B1
Enhancer_chr12_104324112_104326112	HSP90B1
Enhancer_chr12_104324612_104326612	HSP90B1
Enhancer_chr12_104325112_104327112	HSP90B1
Enhancer_chr12_104325612_104327612	HSP90B1
Enhancer_chr12_104326112_104328112	HSP90B1
Enhancer_chr12_104326612_104328612	HSP90B1
Enhancer_chr12_104348112_104350112	HSP90B1
Enhancer_chr12_104348612_104350612	HSP90B1
Enhancer_chr12_104349112_104351112	HSP90B1
Enhancer_chr12_104349612_104351612	HSP90B1
Enhancer_chr12_104350112_104352112	HSP90B1
Enhancer_chr12_104350612_104352612	HSP90B1
Enhancer_chr12_104351112_104353112	HSP90B1
Enhancer_chr12_104351612_104353612	HSP90B1
Enhancer_chr12_104356612_104358612	HSP90B1
Enhancer_chr12_104357112_104359112	HSP90B1
Enhancer_chr12_104357612_104359612	HSP90B1
Enhancer_chr12_104358112_104360112	HSP90B1
Enhancer_chr12_104358612_104360612	HSP90B1
Enhancer_chr12_104359112_104361112	HSP90B1
Enhancer_chr12_104359612_104361612	HSP90B1
Enhancer_chr12_104360112_104362112	HSP90B1
Enhancer_chr12_104360612_104362612	HSP90B1
Enhancer_chr12_104361112_104363112	HSP90B1
Enhancer_chr12_53762139_53764139	AMHR2
Enhancer_chr12_53762639_53764639	AMHR2
Enhancer_chr12_53763139_53765139	AMHR2
Enhancer_chr12_53763639_53765639	AMHR2
Enhancer_chr12_53764139_53766139	AMHR2
Enhancer_chr12_53764639_53766639	AMHR2
Enhancer_chr12_53765139_53767139	AMHR2
Enhancer_chr12_53765639_53767639	AMHR2
Enhancer_chr12_53766139_53768139	AMHR2
Enhancer_chr12_53766639_53768639	AMHR2
Enhancer_chr12_53770139_53772139	AMHR2
Enhancer_chr12_53770639_53772639	AMHR2
Enhancer_chr12_53771139_53773139	AMHR2
Enhancer_chr12_53771639_53773639	AMHR2
Enhancer_chr12_53772139_53774139	AMHR2
Enhancer_chr12_53772639_53774639	AMHR2
Enhancer_chr12_53773139_53775139	AMHR2
Enhancer_chr12_53773639_53775639	AMHR2
Enhancer_chr12_53774139_53776139	AMHR2
Enhancer_chr12_53774639_53776639	AMHR2
Enhancer_chr12_53775139_53777139	AMHR2
Enhancer_chr12_53775639_53777639	AMHR2
Enhancer_chr12_53776139_53778139	AMHR2
Enhancer_chr12_53776639_53778639	AMHR2
Enhancer_chr12_53815139_53817139	AMHR2
Enhancer_chr12_53832639_53834639	AMHR2
Enhancer_chr12_53833139_53835139	AMHR2
Enhancer_chr12_53833639_53835639	AMHR2
Enhancer_chr12_53834139_53836139	AMHR2
Enhancer_chr12_53834639_53836639	AMHR2
Enhancer_chr12_53835139_53837139	AMHR2
Enhancer_chr12_53835639_53837639	AMHR2
Enhancer_chr12_53836139_53838139	AMHR2
Enhancer_chr12_53836639_53838639	AMHR2
Enhancer_chr12_53837139_53839139	AMHR2
Enhancer_chr12_53844139_53846139	AMHR2
Enhancer_chr12_53844639_53846639	AMHR2
Enhancer_chr12_53845139_53847139	AMHR2
Enhancer_chr12_53845639_53847639	AMHR2
Enhancer_chr12_53846139_53848139	AMHR2
Enhancer_chr12_53846639_53848639	AMHR2
Enhancer_chr12_53847139_53849139	AMHR2
Enhancer_chr12_53847639_53849639	AMHR2
Enhancer_chr12_53848139_53850139	AMHR2
Enhancer_chr12_53848639_53850639	AMHR2
Enhancer_chr14_102547075_102549075	HSP90AA1
Enhancer_chr14_102547575_102549575	HSP90AA1
Enhancer_chr14_102548075_102550075	HSP90AA1
Enhancer_chr14_102548575_102550575	HSP90AA1
Enhancer_chr14_102549075_102551075	HSP90AA1
Enhancer_chr14_102549575_102551575	HSP90AA1
Enhancer_chr14_102550075_102552075	HSP90AA1
Enhancer_chr14_102550575_102552575	HSP90AA1
Enhancer_chr14_102551075_102553075	HSP90AA1
Enhancer_chr14_102551575_102553575	HSP90AA1
Enhancer_chr14_102552075_102554075	HSP90AA1
Enhancer_chr14_102552575_102554575	HSP90AA1
Enhancer_chr14_102553075_102555075	HSP90AA1
Enhancer_chr14_102553575_102555575	HSP90AA1
Enhancer_chr14_102554075_102556075	HSP90AA1
Enhancer_chr14_102554575_102556575	HSP90AA1
Enhancer_chr14_102555075_102557075	HSP90AA1
Enhancer_chr14_102603075_102605075	HSP90AA1
Enhancer_chr14_102603575_102605575	HSP90AA1
Enhancer_chr14_102604075_102606075	HSP90AA1
Enhancer_chr14_102604575_102606575	HSP90AA1
Enhancer_chr14_102605075_102607075	HSP90AA1
Enhancer_chr14_102605575_102607575	HSP90AA1
Enhancer_chr14_102606075_102608075	HSP90AA1
Enhancer_chr14_102606575_102608575	HSP90AA1
Enhancer_chr14_64966186_64968186	HSPA2
Enhancer_chr14_64966686_64968686	HSPA2
Enhancer_chr14_64967186_64969186	HSPA2
Enhancer_chr14_64967686_64969686	HSPA2
Enhancer_chr14_64968186_64970186	HSPA2
Enhancer_chr14_64968686_64970686	HSPA2
Enhancer_chr14_64969186_64971186	HSPA2
Enhancer_chr14_64969686_64971686	HSPA2
Enhancer_chr14_64970186_64972186	HSPA2
Enhancer_chr14_64970686_64972686	HSPA2
Enhancer_chr14_64971186_64973186	HSPA2
Enhancer_chr14_64971686_64973686	HSPA2
Enhancer_chr14_64972186_64974186	HSPA2
Enhancer_chr14_64972686_64974686	HSPA2
Enhancer_chr14_65003686_65005686	HSPA2
Enhancer_chr14_65004186_65006186	HSPA2
Enhancer_chr14_65004686_65006686	HSPA2
Enhancer_chr14_65005186_65007186	HSPA2
Enhancer_chr14_65005686_65007686	HSPA2
Enhancer_chr14_65006186_65008186	HSPA2
Enhancer_chr14_65006686_65008686	HSPA2
Enhancer_chr14_65007186_65009186	HSPA2
Enhancer_chr14_65007686_65009686	HSPA2
Enhancer_chr16_3764598_3766598	TRAP1
Enhancer_chr16_3765098_3767098	TRAP1
Enhancer_chr16_3765598_3767598	TRAP1
Enhancer_chr16_3766098_3768098	TRAP1
Enhancer_chr16_3766598_3768598	TRAP1
Enhancer_chr16_3767098_3769098	TRAP1
Enhancer_chr16_3767598_3769598	TRAP1
Enhancer_chr16_3768098_3770098	TRAP1
Enhancer_chr16_67867175_67869175	PSKH1
Enhancer_chr16_67867675_67869675	PSKH1
Enhancer_chr16_67868175_67870175	PSKH1
Enhancer_chr16_67873675_67875675	PSKH1
Enhancer_chr16_67874175_67876175	PSKH1
Enhancer_chr16_67874675_67876675	PSKH1
Enhancer_chr16_67875175_67877175	PSKH1
Enhancer_chr16_67875675_67877675	PSKH1
Enhancer_chr16_67876175_67878175	PSKH1
Enhancer_chr16_67876675_67878675	PSKH1
Enhancer_chr16_67877175_67879175	PSKH1
Enhancer_chr16_67877675_67879675	PSKH1
Enhancer_chr16_67878175_67880175	PSKH1
Enhancer_chr16_67878675_67880675	PSKH1
Enhancer_chr16_67879175_67881175	PSKH1
Enhancer_chr16_67879675_67881675	PSKH1
Enhancer_chr16_67880175_67882175	PSKH1
Enhancer_chr16_67880675_67882675	PSKH1
Enhancer_chr16_67881175_67883175	PSKH1
Enhancer_chr16_67881675_67883675	PSKH1
Enhancer_chr16_67882175_67884175	PSKH1
Enhancer_chr16_67904675_67906675	PSKH1
Enhancer_chr16_67905175_67907175	PSKH1
Enhancer_chr16_67905675_67907675	PSKH1
Enhancer_chr16_67906175_67908175	PSKH1
Enhancer_chr16_67906675_67908675	PSKH1
Enhancer_chr16_67907175_67909175	PSKH1
Enhancer_chr16_67907675_67909675	PSKH1
Enhancer_chr16_67908175_67910175	PSKH1
Enhancer_chr16_67908675_67910675	PSKH1
Enhancer_chr16_67924675_67926675	PSKH1
Enhancer_chr16_67925175_67927175	PSKH1
Enhancer_chr16_67925675_67927675	PSKH1
Enhancer_chr16_67926175_67928175	PSKH1
Enhancer_chr16_67926675_67928675	PSKH1
Enhancer_chr16_67927175_67929175	PSKH1
Enhancer_chr16_67927675_67929675	PSKH1
Enhancer_chr16_67928175_67930175	PSKH1
Enhancer_chr16_67928675_67930675	PSKH1
Enhancer_chr16_67967175_67969175	PSKH1
Enhancer_chr16_67967675_67969675	PSKH1
Enhancer_chr16_67968175_67970175	PSKH1
Enhancer_chr16_67968675_67970675	PSKH1
Enhancer_chr16_67969175_67971175	PSKH1
Enhancer_chr16_67969675_67971675	PSKH1
Enhancer_chr16_67970175_67972175	PSKH1
Enhancer_chr16_67970675_67972675	PSKH1
Enhancer_chr16_67971175_67973175	PSKH1
Enhancer_chr2_37380465_37382465	EIF2AK2
Enhancer_chr2_37380965_37382965	EIF2AK2
Enhancer_chr2_37381465_37383465	EIF2AK2
Enhancer_chr2_37381965_37383965	EIF2AK2
Enhancer_chr2_37382465_37384465	EIF2AK2
Enhancer_chr2_37382965_37384965	EIF2AK2
Enhancer_chr2_37383465_37385465	EIF2AK2
Enhancer_chr2_37383965_37385965	EIF2AK2
Enhancer_chr2_37384465_37386465	EIF2AK2
Enhancer_chr2_37421465_37423465	EIF2AK2
Enhancer_chr2_37421965_37423965	EIF2AK2
Enhancer_chr2_37422465_37424465	EIF2AK2
Enhancer_chr2_37422965_37424965	EIF2AK2
Enhancer_chr2_37423465_37425465	EIF2AK2
Enhancer_chr2_37423965_37425965	EIF2AK2
Enhancer_chr2_37424465_37426465	EIF2AK2
Enhancer_chr20_3730317_3732317	HSPA12B
Enhancer_chr20_3730817_3732817	HSPA12B
Enhancer_chr20_3731317_3733317	HSPA12B
Enhancer_chr20_3731817_3733817	HSPA12B
Enhancer_chr20_3732317_3734317	HSPA12B
Enhancer_chr20_3732817_3734817	HSPA12B
Enhancer_chr20_3733317_3735317	HSPA12B
Enhancer_chr20_3744817_3746817	HSPA12B
Enhancer_chr20_3745317_3747317	HSPA12B
Enhancer_chr20_3745817_3747817	HSPA12B
Enhancer_chr20_3746317_3748317	HSPA12B
Enhancer_chr20_3746817_3748817	HSPA12B
Enhancer_chr20_3747317_3749317	HSPA12B
Enhancer_chr20_3747817_3749817	HSPA12B
Enhancer_chr20_3748317_3750317	HSPA12B
Enhancer_chr20_3748817_3750817	HSPA12B
Enhancer_chr20_3749317_3751317	HSPA12B
Enhancer_chr20_3749817_3751817	HSPA12B
Enhancer_chr20_3750317_3752317	HSPA12B
Enhancer_chr20_3750817_3752817	HSPA12B
Enhancer_chr20_3759817_3761817	HSPA12B
Enhancer_chr20_3760317_3762317	HSPA12B
Enhancer_chr20_3760817_3762817	HSPA12B
Enhancer_chr20_3761317_3763317	HSPA12B
Enhancer_chr20_3761817_3763817	HSPA12B
Enhancer_chr20_3762317_3764317	HSPA12B
Enhancer_chr20_3762817_3764817	HSPA12B
Enhancer_chr20_3763317_3765317	HSPA12B
Enhancer_chr20_3763817_3765817	HSPA12B
Enhancer_chr20_3764317_3766317	HSPA12B
Enhancer_chr20_3764817_3766817	HSPA12B
Enhancer_chr20_3765317_3767317	HSPA12B
Enhancer_chr20_3765817_3767817	HSPA12B
Enhancer_chr20_3766317_3768317	HSPA12B
Enhancer_chr20_3766817_3768817	HSPA12B
Enhancer_chr21_15752509_15754509	HSPA13
Enhancer_chr21_15753009_15755009	HSPA13
Enhancer_chr21_15753509_15755509	HSPA13
Enhancer_chr21_15754009_15756009	HSPA13
Enhancer_chr21_15754509_15756509	HSPA13
Enhancer_chr21_15755009_15757009	HSPA13
Enhancer_chr21_15755509_15757509	HSPA13
Enhancer_chr21_15756009_15758009	HSPA13
Enhancer_chr21_15756509_15758509	HSPA13
Enhancer_chr4_128700476_128702476	HSPA4L
Enhancer_chr4_128700976_128702976	HSPA4L
Enhancer_chr4_128701476_128703476	HSPA4L
Enhancer_chr4_128701976_128703976	HSPA4L
Enhancer_chr4_128702476_128704476	HSPA4L
Enhancer_chr4_128702976_128704976	HSPA4L
Enhancer_chr4_128703476_128705476	HSPA4L
Enhancer_chr4_128703976_128705976	HSPA4L
Enhancer_chr4_128704476_128706476	HSPA4L
Enhancer_chr4_128704976_128706976	HSPA4L
Enhancer_chr5_132359662_132361662	HSPA4
Enhancer_chr5_132360162_132362162	HSPA4
Enhancer_chr5_132360662_132362662	HSPA4
Enhancer_chr5_132361162_132363162	HSPA4
Enhancer_chr5_132361662_132363662	HSPA4
Enhancer_chr5_132362162_132364162	HSPA4
Enhancer_chr5_132362662_132364662	HSPA4
Enhancer_chr5_132384662_132386662	HSPA4
Enhancer_chr5_132385162_132387162	HSPA4
Enhancer_chr5_132385662_132387662	HSPA4
Enhancer_chr5_132386162_132388162	HSPA4
Enhancer_chr5_132386662_132388662	HSPA4
Enhancer_chr5_132387162_132389162	HSPA4
Enhancer_chr5_132387662_132389662	HSPA4
Enhancer_chr5_132388162_132390162	HSPA4
Enhancer_chr5_132388662_132390662	HSPA4
Enhancer_chr5_132389162_132391162	HSPA4
Enhancer_chr5_137874318_137876318	HSPA9
Enhancer_chr5_137874818_137876818	HSPA9
Enhancer_chr5_137875318_137877318	HSPA9
Enhancer_chr5_137875818_137877818	HSPA9
Enhancer_chr5_137876318_137878318	HSPA9
Enhancer_chr5_137876818_137878818	HSPA9
Enhancer_chr5_137877318_137879318	HSPA9
Enhancer_chr5_137877818_137879818	HSPA9
Enhancer_chr5_137878318_137880318	HSPA9
Enhancer_chr5_137878818_137880818	HSPA9
Enhancer_chr5_137879318_137881318	HSPA9
Enhancer_chr5_137879818_137881818	HSPA9
Enhancer_chr5_137880318_137882318	HSPA9
Enhancer_chr5_137880818_137882818	HSPA9
Enhancer_chr5_137881318_137883318	HSPA9
Enhancer_chr5_137907318_137909318	HSPA9
Enhancer_chr5_137907818_137909818	HSPA9
Enhancer_chr5_137908318_137910318	HSPA9
Enhancer_chr5_137908818_137910818	HSPA9
Enhancer_chr5_137909318_137911318	HSPA9
Enhancer_chr5_137909818_137911818	HSPA9
Enhancer_chr5_137910318_137912318	HSPA9
Enhancer_chr5_137910818_137912818	HSPA9
Enhancer_chr5_137911318_137913318	HSPA9
Enhancer_chr5_137911818_137913818	HSPA9
Enhancer_chr5_137912318_137914318	HSPA9
Enhancer_chr6_112192155_112194155	FYN
Enhancer_chr6_112192655_112194655	FYN
Enhancer_chr6_112193155_112195155	FYN
Enhancer_chr6_112193655_112195655	FYN
Enhancer_chr6_112194155_112196155	FYN
Enhancer_chr6_112194655_112196655	FYN
Enhancer_chr6_112195155_112197155	FYN
Enhancer_chr6_112195655_112197655	FYN
Enhancer_chr6_31760012_31762012	HSPA1B_HSPA1L
Enhancer_chr6_31760291_31762291	HSPA1B_HSPA1L
Enhancer_chr6_31760335_31762335	HSPA1B_HSPA1L
Enhancer_chr6_31760512_31762512	HSPA1B_HSPA1L
Enhancer_chr6_31760791_31762791	HSPA1B_HSPA1L
Enhancer_chr6_31760835_31762835	HSPA1B_HSPA1L
Enhancer_chr6_31761012_31763012	HSPA1B_HSPA1L
Enhancer_chr6_31761291_31763291	HSPA1B_HSPA1L
Enhancer_chr6_31761335_31763335	HSPA1B_HSPA1L
Enhancer_chr6_31761512_31763512	HSPA1B_HSPA1L
Enhancer_chr6_31761791_31763791	HSPA1B_HSPA1L
Enhancer_chr6_31761835_31763835	HSPA1B_HSPA1L
Enhancer_chr6_31762012_31764012	HSPA1B_HSPA1L
Enhancer_chr6_31762291_31764291	HSPA1B_HSPA1L
Enhancer_chr6_31762335_31764335	HSPA1B_HSPA1L
Enhancer_chr6_31762512_31764512	HSPA1B_HSPA1L
Enhancer_chr6_31762791_31764791	HSPA1B_HSPA1L
Enhancer_chr6_31762835_31764835	HSPA1B_HSPA1L
Enhancer_chr6_31763012_31765012	HSPA1B_HSPA1L
Enhancer_chr6_31763291_31765291	HSPA1B_HSPA1L
Enhancer_chr6_31763335_31765335	HSPA1B_HSPA1L
Enhancer_chr6_31763512_31765512	HSPA1B_HSPA1L
Enhancer_chr6_31763791_31765791	HSPA1B_HSPA1L
Enhancer_chr6_31763835_31765835	HSPA1B_HSPA1L
Enhancer_chr6_31764012_31766012	HSPA1B_HSPA1L
Enhancer_chr6_31764291_31766291	HSPA1B_HSPA1L
Enhancer_chr6_31764335_31766335	HSPA1B_HSPA1L
Enhancer_chr6_31771512_31773512	HSPA1B_HSPA1L
Enhancer_chr6_31771791_31773791	HSPA1B_HSPA1L
Enhancer_chr6_31771835_31773835	HSPA1B_HSPA1L
Enhancer_chr6_31772012_31774012	HSPA1B_HSPA1L
Enhancer_chr6_31772291_31774291	HSPA1B_HSPA1L
Enhancer_chr6_31772335_31774335	HSPA1B_HSPA1L
Enhancer_chr6_31772512_31774512	HSPA1B_HSPA1L
Enhancer_chr6_31772791_31774791	HSPA1B_HSPA1L
Enhancer_chr6_31772835_31774835	HSPA1B_HSPA1L
Enhancer_chr6_31773012_31775012	HSPA1B_HSPA1L
Enhancer_chr6_31773291_31775291	HSPA1B_HSPA1L
Enhancer_chr6_31773335_31775335	HSPA1B_HSPA1L
Enhancer_chr6_31773512_31775512	HSPA1B_HSPA1L
Enhancer_chr6_31773791_31775791	HSPA1B_HSPA1L
Enhancer_chr6_31773835_31775835	HSPA1B_HSPA1L
Enhancer_chr6_31774012_31776012	HSPA1B_HSPA1L
Enhancer_chr6_31774291_31776291	HSPA1B_HSPA1L
Enhancer_chr6_31774335_31776335	HSPA1B_HSPA1L
Enhancer_chr6_31774512_31776512	HSPA1B_HSPA1L
Enhancer_chr6_31774791_31776791	HSPA1B_HSPA1L
Enhancer_chr6_31774835_31776835	HSPA1B_HSPA1L
Enhancer_chr6_31775012_31777012	HSPA1B_HSPA1L
Enhancer_chr6_31775291_31777291	HSPA1B_HSPA1L
Enhancer_chr6_31775335_31777335	HSPA1B_HSPA1L
Enhancer_chr6_31779291_31781291	HSPA1B_HSPA1L
Enhancer_chr6_31779335_31781335	HSPA1B_HSPA1L
Enhancer_chr6_31779512_31781512	HSPA1B_HSPA1L
Enhancer_chr6_31779791_31781791	HSPA1B_HSPA1L
Enhancer_chr6_31779835_31781835	HSPA1B_HSPA1L
Enhancer_chr6_31780012_31782012	HSPA1B_HSPA1L
Enhancer_chr6_31780291_31782291	HSPA1B_HSPA1L
Enhancer_chr6_31780335_31782335	HSPA1B_HSPA1L
Enhancer_chr6_31780512_31782512	HSPA1B_HSPA1L
Enhancer_chr6_31780791_31782791	HSPA1B_HSPA1L
Enhancer_chr6_31780835_31782835	HSPA1B_HSPA1L
Enhancer_chr6_31781012_31783012	HSPA1B_HSPA1L
Enhancer_chr6_31781291_31783291	HSPA1B_HSPA1L
Enhancer_chr6_31781335_31783335	HSPA1B_HSPA1L
Enhancer_chr6_31781512_31783512	HSPA1B_HSPA1L
Enhancer_chr6_31781791_31783791	HSPA1B_HSPA1L
Enhancer_chr6_31781835_31783835	HSPA1B_HSPA1L
Enhancer_chr6_31782012_31784012	HSPA1B_HSPA1L
Enhancer_chr6_31782291_31784291	HSPA1B_HSPA1L
Enhancer_chr6_31782335_31784335	HSPA1B_HSPA1L
Enhancer_chr6_31782512_31784512	HSPA1B_HSPA1L
Enhancer_chr6_31782791_31784791	HSPA1B_HSPA1L
Enhancer_chr6_31782835_31784835	HSPA1B_HSPA1L
Enhancer_chr6_31783012_31785012	HSPA1B_HSPA1L
Enhancer_chr6_31783291_31785291	HSPA1B_HSPA1L
Enhancer_chr6_31783335_31785335	HSPA1B_HSPA1L
Enhancer_chr6_31783512_31785512	HSPA1B_HSPA1L
Enhancer_chr6_31786791_31788791	HSPA1B_HSPA1L
Enhancer_chr6_31786835_31788835	HSPA1B_HSPA1L
Enhancer_chr6_31787012_31789012	HSPA1B_HSPA1L
Enhancer_chr6_31787291_31789291	HSPA1B_HSPA1L
Enhancer_chr6_31787335_31789335	HSPA1B_HSPA1L
Enhancer_chr6_31787512_31789512	HSPA1B_HSPA1L
Enhancer_chr6_31787791_31789791	HSPA1B_HSPA1L
Enhancer_chr6_31787835_31789835	HSPA1B_HSPA1L
Enhancer_chr6_31788012_31790012	HSPA1B_HSPA1L
Enhancer_chr6_31788291_31790291	HSPA1B_HSPA1L
Enhancer_chr6_31788335_31790335	HSPA1B_HSPA1L
Enhancer_chr6_31788512_31790512	HSPA1B_HSPA1L
Enhancer_chr6_31788791_31790791	HSPA1B_HSPA1L
Enhancer_chr6_31788835_31790835	HSPA1B_HSPA1L
Enhancer_chr6_31789012_31791012	HSPA1B_HSPA1L
Enhancer_chr6_31789291_31791291	HSPA1B_HSPA1L
Enhancer_chr6_31789335_31791335	HSPA1B_HSPA1L
Enhancer_chr6_31789512_31791512	HSPA1B_HSPA1L
Enhancer_chr6_31789791_31791791	HSPA1B_HSPA1L
Enhancer_chr6_31789835_31791835	HSPA1B_HSPA1L
Enhancer_chr6_31790012_31792012	HSPA1B_HSPA1L
Enhancer_chr6_31790291_31792291	HSPA1B_HSPA1L
Enhancer_chr6_31790335_31792335	HSPA1B_HSPA1L
Enhancer_chr6_31790512_31792512	HSPA1B_HSPA1L
Enhancer_chr6_31790791_31792791	HSPA1B_HSPA1L
Enhancer_chr6_31790835_31792835	HSPA1B_HSPA1L
Enhancer_chr6_31791012_31793012	HSPA1B_HSPA1L
Enhancer_chr6_31791291_31793291	HSPA1B_HSPA1L
Enhancer_chr6_31791335_31793335	HSPA1B_HSPA1L
Enhancer_chr6_31791512_31793512	HSPA1B_HSPA1L
Enhancer_chr6_31791791_31793791	HSPA1B_HSPA1L
Enhancer_chr6_31791835_31793835	HSPA1B_HSPA1L
Enhancer_chr6_31792012_31794012	HSPA1B_HSPA1L
Enhancer_chr6_31792291_31794291	HSPA1B_HSPA1L
Enhancer_chr6_31792335_31794335	HSPA1B_HSPA1L
Enhancer_chr6_31792512_31794512	HSPA1B_HSPA1L
Enhancer_chr6_31792791_31794791	HSPA1B_HSPA1L
Enhancer_chr6_31792835_31794835	HSPA1B_HSPA1L
Enhancer_chr6_31793012_31795012	HSPA1B_HSPA1L
Enhancer_chr6_31793291_31795291	HSPA1B_HSPA1L
Enhancer_chr6_31793335_31795335	HSPA1B_HSPA1L
Enhancer_chr6_31793512_31795512	HSPA1B_HSPA1L
Enhancer_chr6_31793791_31795791	HSPA1B_HSPA1L
Enhancer_chr6_31793835_31795835	HSPA1B_HSPA1L
Enhancer_chr6_31794012_31796012	HSPA1B_HSPA1L
Enhancer_chr6_31794291_31796291	HSPA1B_HSPA1L
Enhancer_chr6_31794335_31796335	HSPA1B_HSPA1L
Enhancer_chr6_31794512_31796512	HSPA1B_HSPA1L
Enhancer_chr6_31794791_31796791	HSPA1B_HSPA1L
Enhancer_chr6_31794835_31796835	HSPA1B_HSPA1L
Enhancer_chr6_31795012_31797012	HSPA1B_HSPA1L
Enhancer_chr6_31795291_31797291	HSPA1B_HSPA1L
Enhancer_chr6_31795335_31797335	HSPA1B_HSPA1L
Enhancer_chr6_31795512_31797512	HSPA1B_HSPA1L
Enhancer_chr6_31795791_31797791	HSPA1B_HSPA1L
Enhancer_chr6_31795835_31797835	HSPA1B_HSPA1L
Enhancer_chr6_31796012_31798012	HSPA1B_HSPA1L
Enhancer_chr6_31796291_31798291	HSPA1B_HSPA1L
Enhancer_chr6_31796335_31798335	HSPA1B_HSPA1L
Enhancer_chr6_31796512_31798512	HSPA1B_HSPA1L
Enhancer_chr6_31796791_31798791	HSPA1B_HSPA1L
Enhancer_chr6_31796835_31798835	HSPA1B_HSPA1L
Enhancer_chr6_31797012_31799012	HSPA1B_HSPA1L
Enhancer_chr6_31797291_31799291	HSPA1B_HSPA1L
Enhancer_chr6_31797335_31799335	HSPA1B_HSPA1L
Enhancer_chr6_31797512_31799512	HSPA1B_HSPA1L
Enhancer_chr6_31797791_31799791	HSPA1B_HSPA1L
Enhancer_chr6_31797835_31799835	HSPA1B_HSPA1L
Enhancer_chr6_31798012_31800012	HSPA1B_HSPA1L
Enhancer_chr6_31798291_31800291	HSPA1B_HSPA1L
Enhancer_chr6_31798335_31800335	HSPA1B_HSPA1L
Enhancer_chr6_31798512_31800512	HSPA1B_HSPA1L
Enhancer_chr6_31798791_31800791	HSPA1B_HSPA1L
Enhancer_chr6_31798835_31800835	HSPA1B_HSPA1L
Enhancer_chr6_31799012_31801012	HSPA1B_HSPA1L
Enhancer_chr6_31799291_31801291	HSPA1B_HSPA1L
Enhancer_chr6_31799335_31801335	HSPA1B_HSPA1L
Enhancer_chr6_31799512_31801512	HSPA1B_HSPA1L
Enhancer_chr6_31799791_31801791	HSPA1B_HSPA1L
Enhancer_chr6_31799835_31801835	HSPA1B_HSPA1L
Enhancer_chr6_31800012_31802012	HSPA1B_HSPA1L
Enhancer_chr6_31800291_31802291	HSPA1B_HSPA1L
Enhancer_chr6_31800335_31802335	HSPA1B_HSPA1L
Enhancer_chr6_31800512_31802512	HSPA1B_HSPA1L
Enhancer_chr6_31800791_31802791	HSPA1B_HSPA1L
Enhancer_chr6_31800835_31802835	HSPA1B_HSPA1L
Enhancer_chr6_31801012_31803012	HSPA1B_HSPA1L
Enhancer_chr6_31801291_31803291	HSPA1B_HSPA1L
Enhancer_chr6_31801335_31803335	HSPA1B_HSPA1L
Enhancer_chr6_31801512_31803512	HSPA1B_HSPA1L
Enhancer_chr6_31801791_31803791	HSPA1B_HSPA1L
Enhancer_chr6_31801835_31803835	HSPA1B_HSPA1L
Enhancer_chr6_31802012_31804012	HSPA1B_HSPA1L
Enhancer_chr6_31802291_31804291	HSPA1B_HSPA1L
Enhancer_chr6_31802335_31804335	HSPA1B_HSPA1L
Enhancer_chr6_31802512_31804512	HSPA1B_HSPA1L
Enhancer_chr6_31802791_31804791	HSPA1B_HSPA1L
Enhancer_chr6_31802835_31804835	HSPA1B_HSPA1L
Enhancer_chr6_31803012_31805012	HSPA1B_HSPA1L
Enhancer_chr6_31803291_31805291	HSPA1B_HSPA1L
Enhancer_chr6_31803335_31805335	HSPA1B_HSPA1L
Enhancer_chr6_31803512_31805512	HSPA1B_HSPA1L
Enhancer_chr6_31803791_31805791	HSPA1B_HSPA1L
Enhancer_chr6_31803835_31805835	HSPA1B_HSPA1L
Enhancer_chr6_31804012_31806012	HSPA1B_HSPA1L
Enhancer_chr6_31804291_31806291	HSPA1B_HSPA1L
Enhancer_chr6_31804335_31806335	HSPA1B_HSPA1L
Enhancer_chr6_31804512_31806512	HSPA1B_HSPA1L
Enhancer_chr6_31804791_31806791	HSPA1B_HSPA1L
Enhancer_chr6_31804835_31806835	HSPA1B_HSPA1L
Enhancer_chr6_31805012_31807012	HSPA1B_HSPA1L
Enhancer_chr6_31805291_31807291	HSPA1B_HSPA1L
Enhancer_chr6_31805335_31807335	HSPA1B_HSPA1L
Enhancer_chr6_31805512_31807512	HSPA1B_HSPA1L
Enhancer_chr6_31805791_31807791	HSPA1B_HSPA1L
Enhancer_chr6_31805835_31807835	HSPA1B_HSPA1L
Enhancer_chr6_31806012_31808012	HSPA1B_HSPA1L
Enhancer_chr6_31806291_31808291	HSPA1B_HSPA1L
Enhancer_chr6_31806335_31808335	HSPA1B_HSPA1L
Enhancer_chr6_31806512_31808512	HSPA1B_HSPA1L
Enhancer_chr6_31806791_31808791	HSPA1B_HSPA1L
Enhancer_chr6_31806835_31808835	HSPA1B_HSPA1L
Enhancer_chr6_31807012_31809012	HSPA1B_HSPA1L
Enhancer_chr6_31807291_31809291	HSPA1B_HSPA1L
Enhancer_chr6_31827512_31829512	HSPA1B_HSPA1L
Enhancer_chr6_31827791_31829791	HSPA1B_HSPA1L
Enhancer_chr6_31827835_31829835	HSPA1B_HSPA1L
Enhancer_chr6_31828012_31830012	HSPA1B_HSPA1L
Enhancer_chr6_31828291_31830291	HSPA1B_HSPA1L
Enhancer_chr6_31828335_31830335	HSPA1B_HSPA1L
Enhancer_chr6_31828512_31830512	HSPA1B_HSPA1L
Enhancer_chr6_31828791_31830791	HSPA1B_HSPA1L
Enhancer_chr6_31828835_31830835	HSPA1B_HSPA1L
Enhancer_chr6_31829012_31831012	HSPA1B_HSPA1L
Enhancer_chr6_31829291_31831291	HSPA1B_HSPA1L
Enhancer_chr6_31829335_31831335	HSPA1B_HSPA1L
Enhancer_chr6_31829512_31831512	HSPA1B_HSPA1L
Enhancer_chr6_31829791_31831791	HSPA1B_HSPA1L
Enhancer_chr6_31829835_31831835	HSPA1B_HSPA1L
Enhancer_chr6_31830012_31832012	HSPA1B_HSPA1L
Enhancer_chr6_31830291_31832291	HSPA1B_HSPA1L
Enhancer_chr6_31830335_31832335	HSPA1B_HSPA1L
Enhancer_chr6_31830512_31832512	HSPA1B_HSPA1L
Enhancer_chr6_31830791_31832791	HSPA1B_HSPA1L
Enhancer_chr6_31830835_31832835	HSPA1B_HSPA1L
Enhancer_chr6_31831012_31833012	HSPA1B_HSPA1L
Enhancer_chr6_31831291_31833291	HSPA1B_HSPA1L
Enhancer_chr6_31831335_31833335	HSPA1B_HSPA1L
Enhancer_chr6_31831512_31833512	HSPA1B_HSPA1L
Enhancer_chr6_31831791_31833791	HSPA1B_HSPA1L
Enhancer_chr6_31831835_31833835	HSPA1B_HSPA1L
Enhancer_chr6_31832012_31834012	HSPA1B_HSPA1L
Enhancer_chr6_31832291_31834291	HSPA1B_HSPA1L
Enhancer_chr6_31832335_31834335	HSPA1B_HSPA1L
Enhancer_chr6_44191403_44193403	HSP90AB1
Enhancer_chr6_44202903_44204903	HSP90AB1
Enhancer_chr6_44203403_44205403	HSP90AB1
Enhancer_chr6_44203903_44205903	HSP90AB1
Enhancer_chr6_44204403_44206403	HSP90AB1
Enhancer_chr6_44204903_44206903	HSP90AB1
Enhancer_chr6_44205403_44207403	HSP90AB1
Enhancer_chr6_44205903_44207903	HSP90AB1
Enhancer_chr6_44211403_44213403	HSP90AB1
Enhancer_chr6_44211903_44213903	HSP90AB1
Enhancer_chr6_44212403_44214403	HSP90AB1
Enhancer_chr6_44212903_44214903	HSP90AB1
Enhancer_chr6_44213403_44215403	HSP90AB1
Enhancer_chr6_44213903_44215903	HSP90AB1
Enhancer_chr6_44214403_44216403	HSP90AB1
Enhancer_chr6_44214903_44216903	HSP90AB1
Enhancer_chr6_44215403_44217403	HSP90AB1
Enhancer_chr6_44215903_44217903	HSP90AB1
Enhancer_chr6_44216403_44218403	HSP90AB1
Enhancer_chr6_44216903_44218903	HSP90AB1
Enhancer_chr6_44221903_44223903	HSP90AB1
Enhancer_chr6_44222403_44224403	HSP90AB1
Enhancer_chr6_44222903_44224903	HSP90AB1
Enhancer_chr6_44223403_44225403	HSP90AB1
Enhancer_chr6_44223903_44225903	HSP90AB1
Enhancer_chr6_44224403_44226403	HSP90AB1
Enhancer_chr6_44224903_44226903	HSP90AB1
Enhancer_chr6_44225403_44227403	HSP90AB1
Enhancer_chr6_44228903_44230903	HSP90AB1
Enhancer_chr6_44229403_44231403	HSP90AB1
Enhancer_chr6_44229903_44231903	HSP90AB1
Enhancer_chr6_44230403_44232403	HSP90AB1
Enhancer_chr6_44230903_44232903	HSP90AB1
Enhancer_chr6_44231403_44233403	HSP90AB1
Enhancer_chr6_44231903_44233903	HSP90AB1
Enhancer_chr6_44232403_44234403	HSP90AB1
Enhancer_chr6_44232903_44234903	HSP90AB1
Enhancer_chr6_44233403_44235403	HSP90AB1
Enhancer_chr6_44262903_44264903	HSP90AB1
Enhancer_chr6_44263403_44265403	HSP90AB1
Enhancer_chr6_44263903_44265903	HSP90AB1
Enhancer_chr6_44264403_44266403	HSP90AB1
Enhancer_chr6_44264903_44266903	HSP90AB1
Enhancer_chr6_44265403_44267403	HSP90AB1
Enhancer_chr6_44265903_44267903	HSP90AB1
Enhancer_chr6_52923100_52925100	ICK
Enhancer_chr6_52923600_52925600	ICK
Enhancer_chr6_52924100_52926100	ICK
Enhancer_chr6_52924600_52926600	ICK
Enhancer_chr6_52925100_52927100	ICK
Enhancer_chr6_52925600_52927600	ICK
Enhancer_chr6_52926100_52928100	ICK
Enhancer_chr6_52926600_52928600	ICK
Enhancer_chr6_52927100_52929100	ICK
Enhancer_chr6_52927600_52929600	ICK
Enhancer_chr6_52928100_52930100	ICK
Enhancer_chr6_52928600_52930600	ICK
Enhancer_chr6_52929100_52931100	ICK
Enhancer_chr6_52929600_52931600	ICK
Enhancer_chr6_52930100_52932100	ICK
Enhancer_chr6_52930600_52932600	ICK
Enhancer_chr6_52931100_52933100	ICK
Enhancer_chr6_52931600_52933600	ICK
Enhancer_chr9_127949166_127951166	HSPA5
Enhancer_chr9_127949666_127951666	HSPA5
Enhancer_chr9_127950166_127952166	HSPA5
Enhancer_chr9_127950666_127952666	HSPA5
Enhancer_chr9_127951166_127953166	HSPA5
Enhancer_chr9_127951666_127953666	HSPA5
Enhancer_chr9_127952166_127954166	HSPA5
Enhancer_chr9_127952666_127954666	HSPA5
Enhancer_chr9_127953166_127955166	HSPA5
Enhancer_chr9_127959666_127961666	HSPA5
Enhancer_chr9_127960166_127962166	HSPA5
Enhancer_chr9_127960666_127962666	HSPA5
Enhancer_chr9_127961166_127963166	HSPA5
Enhancer_chr9_127961666_127963666	HSPA5
Enhancer_chr9_127962166_127964166	HSPA5
Enhancer_chr9_127962666_127964666	HSPA5
Enhancer_chr9_127963166_127965166	HSPA5
Enhancer_chr9_127963666_127965666	HSPA5
Enhancer_chr9_127999666_128001666	HSPA5
Enhancer_chr9_128000166_128002166	HSPA5
Enhancer_chr9_128000666_128002666	HSPA5
Enhancer_chr9_128001166_128003166	HSPA5
Enhancer_chr9_128001666_128003666	HSPA5
Enhancer_chr9_128002166_128004166	HSPA5
Enhancer_chr9_128002666_128004666	HSPA5
Enhancer_chr9_128003166_128005166	HSPA5
Enhancer_chr9_128003666_128005666	HSPA5
Enhancer_chr9_128004166_128006166	HSPA5
Enhancer_chr9_128004666_128006666	HSPA5
Enhancer_chr9_128021666_128023666	HSPA5
Enhancer_chr9_128022166_128024166	HSPA5
Enhancer_chr9_128022666_128024666	HSPA5
Enhancer_chr9_128023166_128025166	HSPA5
Enhancer_chr9_128023666_128025666	HSPA5
Enhancer_chr9_128024166_128026166	HSPA5
Enhancer_chr9_128024666_128026666	HSPA5
Enhancer_chr9_128025166_128027166	HSPA5
Enhancer_chrX_47413999_47415999	ARAF
Enhancer_chrX_47414499_47416499	ARAF
Enhancer_chrX_47414999_47416999	ARAF
Enhancer_chrX_47415499_47417499	ARAF
Enhancer_chrX_47415999_47417999	ARAF
Enhancer_chrX_47417499_47419499	ARAF
Enhancer_chrX_47417999_47419999	ARAF
Enhancer_chrX_47418499_47420499	ARAF
Enhancer_chrX_47418999_47420999	ARAF
Enhancer_chrX_47419499_47421499	ARAF
Enhancer_chrX_47419999_47421999	ARAF
Enhancer_chrX_47420499_47422499	ARAF
Enhancer_chrX_47420999_47422999	ARAF
Enhancer_chrX_47421499_47423499	ARAF
